{"json_deser_time": 0.0021080970764160156, "proto_deser_time": 0.0005655288696289062, "flat_deser_time": 0.0005178451538085938}