{"json_deser_time": 0.034912109375, "proto_deser_time": 0.00901651382446289, "flat_deser_time": 0.0046808719635009766}