{"json_ser_time": 0.0035822391510009766, "proto_ser_time": 0.0016279220581054688, "flat_ser_time": 0.04293656349182129}