{"json_ser_time": 0.0028297901153564453, "proto_ser_time": 0.001275777816772461, "flat_ser_time": 0.06383514404296875}